{"Intrinsic parameters": [[1.0, 0.0, 320.0], [0.0, 1.0, 240.0], [0.0, 0.0, 1.0]], "Extrinsic parameters": {"translation_vector": [[-8.919272654989113], [1.0698885179491622], [0.05806952276213023]], "rotation_matrix": [[0.8897020236889728, -0.4565393186144664, -0.001469558704229161], [0.4565402646041198, 0.8897026748123936, 0.0003704414560714782], [0.0011383492200050963, -0.0010004952328051529, 0.9999988515845118]]}}